Industry,Company Name,Address,Fixed Capital,Total Capital,Product & Annual Capacity,Employment
Agro Based Industry,Agriculture Himalayan Pvt.Ltd.,Lalitpur,8.2,10,Organic Vegetable 120 MT,29
Agro Based Industry,Tara Gaun Tea Estate Pvt.Ltd.,Ilam,45.1,49.1,Manufacturing And Export Of Orthodox Tea 540 MT,34
Agro Based Industry,Kasturi Organic Agriculture Farming Industries Pvt. Ltd.,Lalitpur,18,20,Organic Vegetable 300 MT,41
Agro Based Industry,Sanghai Floriculture Industries Pvt. Ltd.,Lalitpur,13,15,Floriculture 30 MT,37
Agro Based Industry,Organic One Hundred Eat Pvt. Ltd.,Makawanpur,7,8,Organic Vegetables 150 MT,33
Agro Based Industry,Morgan Group Nepal Pvt.Ltd.,Kathmandu,4,5,Organic Vegetable 30 MT,15
Agro Based Industry,Chhen Agriculture Farming Pvt. Ltd.,Bhaktapur,9.6,11.4,Organic Vegetables 190 MT,39
Agro Based Industry,Dragon Agriculture Farmers Pvt. Ltd.,Kathmandu,2.5,3.2,Organic Vegetables 40 MT,20
Agro Based Industry,Ming Organic Farm Pvt. Ltd.,Sainbhu ,8.5,9.5,Organic Vegetables 200 MT,31
Agro Based Industry,Saga Organic Farming Pvt.Ltd.,Kathmandu,8.6,9.5,Organic Vegetables 210 MT,37
Agro Based Industry,China Nepal Green House Pvt. Ltd.,Kathmandu,9.6,13.5,Organic Vegetables 120 MT,29
Agro Based Industry,Royal Orchid And Cyactai Pvt. Ltd.,Kathmandu,3.3,4,Flowers (Different Varieties) 10 MT,20
Agro Based Industry,Organic Vegetables Farming Pvt. Ltd.,Khairenitar-9,2.5,4,Organic Vegetables 55 MT,19
Agro Based Industry,Alfred Organic Farm Pvt.Ltd.,Kathmandu,8.5,9.5,Organic Vegetables 190 MT,40
Agro Based Industry,Kareshabari Organic Farming Pvt. Ltd.,Kathmandu,7.1,8,Organic Vegetables 180 MT,37
Agro Based Industry,Suncity Organic Agriculture Farmingindustries Pvt. Ltd.,Kathmandu,8.7,10,Organic Vegetables 200 MT,47
Agro Based Industry,Hunan China Grean House Pvt. Ltd.,Lalitpur,25,30,Vegetable Farming 188 MT,29
Agro Based Industry,Bhalo Organic Farm Pvt. Ltd.,Kathmandu,19,20,Organic Vegetable 220 MT,35
Agro Based Industry,Sunshine Grean Vegetables Farming Pvt. Ltd.,Kathmandu,28.5,30,Organic Vegetable 250 MT,40
Agro Based Industry,Joint Venture Organic Farming Pvt. Ltd.,Kathmandu,13.5,15,Organic Vegetables 300 MT,44
Agro Based Industry,Mahabhara Agriculture Development Pvt. Ltd., Jhapa,9,10,Organic Vegetables 50 MT ,34
Agro Based Industry,Holywood Organic Farm Pvt.Ltd.,Kathmandu,14,15,Organic Vegatables 200 MT.,36
Agro Based Industry,Sujun Organic Farm Pvt. Ltd.,Kathmandu,33.5,35,Organic Vegatables 300 MT.,40
Agro Based Industry,Philips Organic Farm Pvt.Ltd.,Kathmandu,8.9,10,Organic Vegetables 210 MT,44
Agro Based Industry,Gukadng Organic Pvt. Ltd.,Lalitpur,13.6,15,Organic Vegetable 250 MT,40
Agro Based Industry,Abinash Farms Pvt. Ltd.,Chitwan,186.6,315.9,Egg 50125000 Pcs,30
Agro Based Industry,Himalayan Indo Village And Farming Pvt. Ltd.,Tinthana-2,34.9,40,Vegetables 130 MT,15
Agro Based Industry,Siwalik Herbal Nepal Pvt.Ltd.,Makawanpur,120,220,Texane Resin 100 MT.,135
Agro Based Industry,Tiger Ply And Boards Industries Pvt. Ltd., Dhanusha,185,210,Plywood (Size 8'x4') (Thickness 3-19 Mm) 120000 Cu. Fit,189
Agro Based Industry,Jhanga Peng Agriculture And Floriculture FarmingIndustries Pvt. Ltd.,Kathmandu,28.5,30,Organic Vegetables 180 MT.,80
Agro Based Industry,Hong Chung Organic Farm Pvt. Ltd.,Kathmandu,13.5,15,Organic Vegetables 300 MT,44
Agro Based Industry,Himalayan Unique Organic Farming Pvt. Ltd.,Kathmandu,23.5,25,Organic Vegetables 150 MT.,40
Agro Based Industry,Naya Gaun Eco Farm Pvt.Ltd., Nuwakot,9,10,Organic Vegetables 50 MT,34
Agro Based Industry,Fireflies Agriculture Farming Pvt. Ltd.,Kathmandu,28.5,30,Organic Vegetable 220 MT,40
Agro Based Industry,China Nepal Coffee Pvt. Ltd., Makawanpur,24.9,30,Coffee Beans 35 MT,37
Agro Based Industry,Habile Organic Farming Pvt.Ltd.,Godavari-3,26,30,Organic Vegetables 120 MT,45
Agro Based Industry,Taspinar Organic Farm Pvt.Ltd.,Kathmandu,28.5,30,Organic Vegetables 180 MT,40
Agro Based Industry,Eldar Organic Farm Pvt. Ltd.,Kathmandu,28,30,Organic Vegetables 250 MT,35
Agro Based Industry,Yunpeng Organic Farm Pvt.Ltd.,Lalitpur,33,35,Organic Vegetables 220 MT,40
Agro Based Industry,Louise Organic Farm Pvt.Ltd.,Kathmandu,13.5,15,Organic Vegetables 300 MT,44
Agro Based Industry,Jakob Organic Farm Pvt.Ltd.,Kathmandu,28.5,30,Organic Vegetables 220 MT,40
Agro Based Industry,Himatri Agro Pvt. Ltd.,Lalitpur,28.5,30,Organic Agriculture Farming 220 MT.,40
Agro Based Industry,Domestic Organicfarming Pvt. Ltd.,Kathmandu,26,30,Organic Vegetables 120 MT.,45
Agro Based Industry,Xuqian Organic Farm Pvt.Ltd.,Kathmandu,28,30,Organic Vegetables 240 MT,31
Agro Based Industry,Meghauli Organicfarming Pvt. Ltd.,Chitwan,19,20,Organic Vegetables 220 MT,35
Agro Based Industry,Anna Organicfarming Pvt.Ltd.,Kathmandu,19.8,25,Organic Vegetables 150 MT,29
Agro Based Industry,Lakesideorganicvegetables And Flowers Pvt. Ltd.,Kathmandu,26,30,Organic Vegetables 115 MT,42
Agro Based Industry,Yuejun Organic Farm Pvt.Ltd.,Kathmandu,29,30,Organic Vegetable 240 MT.,35
Energy Based Industry,Mandu Hydro Power Pvt.Ltd.,Lalitpur,2,300,Hydropower 20 MW,90
Energy Based Industry,Handikhola Jalbidhyut Company Pvt. Ltd.,Sindhypalchowk,365,370,Hydropower 2 MW,38
Energy Based Industry,Madhya Midim Jal Bidhyut Company Pvt. Ltd., Lamjung,456.4,459.4,Hydropower 3.1 MW,44
Energy Based Industry,Tallo Midim Jal Bidhyut Company Pvt. Ltd., Lamjung,135.5,138,Hydropower 996 KW,33
Energy Based Industry,Surya Kunda Hydro Electric Pvt. Ltd., Nuwakot,1,565,Hydropower 11 MW,46
Energy Based Industry,Dhobhan Hydropower Pvt.Ltd., Solukhumbu,728.2,731,Hydropower 5.2 MW,41
Energy Based Industry,Maivalley Hydropower Pvt.Ltd. Unit 1,Ilam,662,665,Hydropower 6.1 MW,45
Energy Based Industry,Sasha Engineering Hydropower Pvt. Ltd., Dolakha,2,312,Hydropower 30 MW,58
Energy Based Industry,Rangun Khola Hydropower Pvt. Ltd., Bajhang,30.8,33.3,Hydro Electricity 996 KW,33
Energy Based Industry,River False Hydropower Development Pvt. Ltd.,Kathmandu,327,331.5,Electricity Capacity 9.5 MW,65
Energy Based Industry,Rishi Kesh Hydropower Pvt.Ltd.,Kathmandu,132.5,148.7,Electricity Capacity 995 KW,507
Energy Based Industry,Dupcheshwor Mahadev Hydro Power Company Pvt.Ltd., Nuwakot,657.2,660,Electricity Capacity 5.5 MW,41
Energy Based Industry,Sanbhi Energy Pvt. Ltd.,Ilam,1,295,Electricity Capacity 7.6 MW,60
Energy Based Industry,Sayapatri Hydro Power Pvt.Ltd., Baglung,287,290,Hydro Electricity 2.5 MW,38
Energy Based Industry,Terhathum Power Company Pvt. Ltd., Terhathum,797,800,Hydro Electricity 6.8 MW,41
Energy Based Industry,Upper Solu Hydro Electric Company Pvt. Ltd., SolUKhumbu,388,400,Hydro Electricity 23.5 MW,76
Energy Based Industry,Rara Hydro Power Development Company Pvt.ltd, Dailekh,320.3,324.3,Hydro Electricity 2.15 MW,32
Energy Based Industry,Salakhu Khola Hydropower Pvt. Ltd., Nuwakot,345,350,Hydro Electricity 2.5 MW,43
Energy Based Industry,Realiable Hydropower Company Pvt Ltd., Terhathum,756,760,Hydro Electricity 4.8 MW,43
Energy Based Industry,Pashupati Energy Development Pvt. Ltd.,Lalitpur,407.5,411,Hydro Electricity 4.36 MW,35
Energy Based Industry,Water And Energy Nepal Pvt.Ltd., Baglung,830,833.3,Hydro Electricity 6.6 MW,47
Energy Based Industry,Joshi Hydropower Development Company Pvt.Ltd.,Ilam,352,355,Hydro Electricity 3 MW,41
Energy Based Industry,Pashupati Energy Development Pvt. Ltd. Unit 1,Lalitpur,211.6,214.1,Hydro Electricity 2 MW,30
Energy Based Industry,Dudhakoshi Power Company Pvt. Ltd.,Jalpa VDC,845,850,Hydro Electricity 6.5 MW,60
Energy Based Industry,Jhyamolongma Hydropower Development Company Pvt.Ltd.,Kaski,2,760,Hydro Electricity 36 MW,70
Energy Based Industry,Munlight Hydropower Company Pvt. Ltd., Sindhupalchowk,1,265.5,Hydro Electricity 10.6 MW,52
Energy Based Industry,Kalanga Hydro Pvt. Ltd., Bajhang,243,250,Hydro Electricity 15.33 MW,77
Energy Based Industry,Sanigad Hydro Pvt. Ltd., Bajhang,340,350,Hydro Electricity 38.46 MW,95
Energy Based Industry,Shaileshwori Power Nepal Pvt. Ltd., Doti,97,100,Hydro Electricity 1.55 MW,50
Energy Based Industry,Lohore Khola Hydropower Company Pvt. Ltd., Dailekh,409,412.5,Electricity 4.2 MW,36
Energy Based Industry,Sanigad Hydro Pvt. Ltd. Unit 1, Bajhang,145,150,Hydro Electricity 10.7 MW,80
Energy Based Industry,Tanchhar Hydro Pvt. Ltd., Mustang,97,100,Hydro Electricity 2.4 MW,50
Energy Based Industry,Sikles Hydropower Pvt. Ltd.,Kaski,1,700,Hydro Electricity 10 MW,90
Energy Based Industry,Devighat Hydropower Pvt.Ltd.,Charghare VDC Nuwakot,2,490,Hydro Electricity 9.6 MW,80
Energy Based Industry,Sapsu Kalika Hydropower Company Pvt. Ltd., Khotang,106.5,108.5,Hydro Electricity 9.6 MW,27
Energy Based Industry,Mandakini Hydropower Pvt.Ltd.,Kaski,547.8,555.4,Hydro Electricity 4 MW,24
Energy Based Industry,Beni Hydropower Project Pvt.Ltd., SolUKhumbu,2,850,Hydro Electricity 18 MW,50
Energy Based Industry,Madhya Bhotekoshi Jalbidhyut Company Limited, Sindhupalchowk,12,233.3,Hydro Electricity 102 MW,33
Energy Based Industry,Triyog Energy And Development Pvt. Ltd., Doti,615,620,Hydro Electricity 3.5 MW,35
Energy Based Industry,Dronachal Hydropower Company Pvt. Ltd., Dolakha,48.5,50,Hydro Electricity 600 KW,26
Energy Based Industry,Research And Development Group Pvt. Ltd. Unit 1, Myagdi,695,700,Hydro Electricity 4 MW,35
Energy Based Industry,Salmanidevi Hydropower Pvt.Ltd., Doti,496.5,500,Hydro Electricity 3.33 MW,36
Energy Based Industry,Dipshava Hydropower Pvt.Ltd., Sankhuwasabha,496.5,500,Hydro Electricity 8.3 MW,35
Energy Based Industry,Tara Energy Pvt. Ltd., Sindhupalchowk,7,503.9,Hydro Electricity 39 MW,52
Energy Based Industry,Garjangupatyaka Hydropower Pvt. Ltd., Ramechhap,404.3,410.6,Hydro Electricity 2.83 MW,59
Energy Based Industry,Middle Modi Hydropower Limited,Kaski,1,985,Hydro Electricity 15.1 MW,49
Energy Based Industry,Liberty Energy Hydropower Pvt. Ltd., Lamjung,3,570,Hydro Power 22 MW,74
Energy Based Industry,Singati Hydro Energy Pvt.Ltd., Dolakha,980,1,Hydro Power 16 MW,60
Energy Based Industry,Consortium Power Developers Pvt. Ltd., Dolakha,3,80,Hydro Power 24.1 MW,43
Energy Based Industry,Mountain Hydro Nepal Pvt.Ltd., Panchathar,1,359.6,Hydro Power 9.5 MW,24
Energy Based Industry,Bajra Energy Ventures Pvt.Ltd.,Kaski,40,100,Hydro Power 65, --
Energy Based Industry,Molung Hydropower Company Pvt. Ltd., Okhaldhunga,1,200,Hydro Power 7 MW,50
Energy Based Industry,Chhyangdi Hydropower Pvt.Ltd., Lamjung,282.5,285,Hydro Power 1.7 MW,24
Energy Based Industry,Upper Hewakhola Hydropower Company Pvt.Ltd.,Sankhuwasabha,1,42,Hydro Power 8.5 MW,35
Energy Based Industry,Tundi Power Company Pvt.Ltd.,Myagdi,4,572.5,Hydro Power 48.5 MW,46
Energy Based Industry,Himal Dolkha Hydropower Company Pvt. Ltd. Unit 1,Ilam,661,666,Hydro Power 8 MW,35
Energy Based Industry,Cemat Power Development Company Pvt. Ltd., Myagdi,556,560,Hydro Power 4 MW,35
Energy Based Industry,Tundi Power Company Pvt.Ltd. Unit 1,Myagdi,3,380,Hydro Power 37 MW,41
Energy Based Industry,Himalayan Water Resources And Energy Development Company Pvt. Ltd.,Kavre,44.9,50,Hydro Power 6 MW,38
Energy Based Industry,Diamond Hydropower Pvt.Ltd.,Gorkha,730,750,Hydro Power 10 MW,75
Energy Based Industry,Bindhyabasini Hydropower Development Company Pvt.Ltd.,Kaski,890,900,Hydro Power 6.8 MW,52
Energy Based Industry,Nyam Nyam Hydropower Company Pvt. Ltd., Rasuwa,640,650,Hydro Power 6 MW,58
Energy Based Industry,Peoples Hydropower Company Pvt. Ltd., Lamjung,1,970,Hydro Power 49.6 MW,46
Energy Based Industry,Hydro Empire Pvt. Ltd., Myagdi,918.4,1,Hydro Power 20 MW,49
Manufacturing Industry,Bijaya Plates And Chemicals Pvt. Ltd., Kapilbastu,115,150,Mash Feed 24000 MT,125
Manufacturing Industry,National Polyplast Industries Pvt. Ltd. (Unit -1), Makawanpur,135,249,Plasticizers 19600 MT,110
Manufacturing Industry,Apple International Pharmaceuticals Pvt. Ltd., Rupandehi,215.6,277.6,Tablet 150 Million Piece,105
Manufacturing Industry,Shanker Oxygen Gas Pvt.Ltd. (Unit -4), Rupandehi,124,136,Carbon Dioxide Gas (In Liquid Form) 5400 MT,100
Manufacturing Industry,S R Friuts Pvt. Ltd, Rupandehi,81,150,Maida 20650 MT Atta 4550 MT,65
Manufacturing Industry,Care Harble Products Pvt.Ltd., Rupandehi,69.3,80.1,Churna 15000 KG,58
Manufacturing Industry,Kiran Shoe Manufacturs (Unit -2),Kathmandu,34,49,Sport Shoes 1600000 Pairs,270
Manufacturing Industry,Birat Petrolium Pvt. Ltd., Dhading,200,500,- - -,70
Manufacturing Industry,Nepal Wellhope Aggrigate Pvt. Ltd. Unit 1,Morang,30.4,49.4,Pettet Feed 10000 MT,85
Manufacturing Industry,Rohini Agro Industries Pvt.Ltd., Rupandehi,115,200,Rice 16500 MT,77
Manufacturing Industry,S. S. Diet And Food Industries Pvt. Ltd.,Kaski,85,150,Biscuit (Different Varities) 14000 MT,89
Manufacturing Industry,Maruti Cements Ltd Unit 1, Siraha,828.8,970,Clinker 327750 MT,226
Manufacturing Industry,Shreeram Cement Pvt. Ltd., Rupadehi,175,250,Opc (Ordinary Portland Cement 18000 MT, --
Manufacturing Industry,Salasar Metal Industries,Morang,53.5,106,Copper Wire 1500 MT,80
Manufacturing Industry,Asian Distillary Pvt. Ltd. Unit 1, Bara,60,70,Rectified Spirit (Rs) 300 KL,50
Manufacturing Industry,Huwai Plastic Industry,Kathmandu,26,36,Injection Molded Goods 300 MT,50
Manufacturing Industry,Solar Agmentation Group Pvt. Ltd., Makawanpur,31,49,Pv Panels (220 Wp) 7000 Set,99
Manufacturing Industry,Utsab Agro Fertilizer Pvt.Ltd.,Morang,60,140,Mixed Fertilizer 30000 MT,60
Manufacturing Industry,Climate Zone Garment Industry Pvt. Ltd.,Kathmandu,1.7,2.5,Readymade Garments 52200 Pcs,20
Manufacturing Industry,High-  Art(Nepal) Pvt. Ltd.,Kathmandu,29,45,Wigs Production-25000 Nos,134
Manufacturing Industry,Reliance Industries Pvt. Ltd.,Lalitpur,8.4,12.4,Aliminium Utensils-10000 Nos,45
Manufacturing Industry,Sudama Fregrance Pvt. Ltd.,Parsa,31,45,Plain Pan Masala-150 MT,60
Manufacturing Industry,Energy  In Pvt. Ltd.,Lalitpur,11,20,Solar Pvt System For Home Appliance-500 Set Solar PV System For Lighting- 4000 Set,31
Manufacturing Industry,Tigers  Brewery Industries Pvt. Ltd.,Rupandehi-8,400,460,Beer- 80000 Hecto Littre,162
Manufacturing Industry,Dinesh Fregrance Pvt. Ltd., Bara,33,49,Gutkha -2400 MT,140
Manufacturing Industry,Bio  Comp Nepal Pvt. Ltd.,Khokana VDC-3,35,40,Organic Agriculture Fertilizer- 2100 MT,50
Manufacturing Industry,Nepal  Sheng Pon International Company Pvt.Ltd.,Lalitpur,6.7,10,Toilet  Soap-300 MT,35
Manufacturing Industry,Dream Light Energy Pvt. Ltd.,Lalitpur,4,10,Solar Pv System For Home Appliance-500 Set,40
Manufacturing Industry,Himalayan  Life Plastic Pvt.Ltd.,Pokhara-10,24,30,Recycled Pet Flakes-600 MT,60
Manufacturing Industry,Tri Netra Product Nepal Pvt.Ltd., Rautahat,6.6,10,Gutkha 50 MT,50
Manufacturing Industry,R. And B. Group Pvt. Ltd., Sunsari,40,49,Purified Water In Bottles 4320 KL,65
Manufacturing Industry,Mahalaxmi Salvent And Refinary Pvt. Ltd. Unit -1, Bara,33,46.5,Pallet Feed 4000 MT,55
Manufacturing Industry,A-One System And Controls (Nepal) Pvt. Ltd.,Kathmandu,44,49,Motor Control Panels - 2100 Sets,50
Manufacturing Industry,Jaya Bageshwori Cement Pvt.Ltd., Banke,235,300,Ordinary Portland Cement (Opc) 90000 MT,161
Manufacturing Industry,Hama Ispat Pvt. Ltd., Bara,139.5,245,Ms Billet 40000 MT,195
Manufacturing Industry,Kabeli  Organic Vegetables Pvt. Ltd., Kathmandu,23.5,25,Organic  Vegetables-180 MT. Organic Fruits-70 MT,40
Manufacturing Industry,Maya Stationary Pvt. Ltd.,Kathmandu,6,7.5,"Stationary Items-50 MT (Paper Stationary Items ,files etc)",26
Manufacturing Industry,Global  Agro Products Pvt.Ltd.,Chitwan,175,248,Maxed Feed-12000 MT,170
Manufacturing Industry,Sarwa Shree Garment Pvt.Ltd., Kathmandu,20,30,Readymade Garment -200000 than,320
Manufacturing Industry,Dynamic  Pulses Industries Pvt. Ltd.(Branch Industry 1), Sunsari,35.7,48,Arhar Dal-696 MT,50
Manufacturing Industry,Mama  Tofu Pvt. Ltd.,Lalitpur,8,10,Tofu-156  MT,23
Manufacturing Industry,Prestige Mats Industries, Bara,100,200,Pvc Mat-1054080 Sq.MT. Pvc Compound-1000 MT,96
Manufacturing Industry,Pathibhara Steel Industries, Jhapa,37,49,Various Rolled Iron Products(Such As Bars),96
Manufacturing Industry,Eastern Energy Pvt. Ltd.,Kathmandu,6,10,Solar Charge Controller-2000 Pcs,57
Manufacturing Industry,Nightiangle Garment Pvt.Ltd.,Kathmandu,21,30,Shirts-60000 Pcs,97
Manufacturing Industry,Hamro Solar Pvt. Ltd.,Kathmandu,5.5,10,Solar Pv System For Home Appliance-500 Nos,50
Manufacturing Industry,Shangrila International Food Pvt.Ltd.,Duhabi VDC-1,35,50,Frozen Buffalo Meat-6408MT,100
Manufacturing Industry,Agromet Fregerence Pvt. Ltd,Biratnagar-6,31,49,Plain Pan Masal-100MT,60
Manufacturing Industry,Premier Fregerence, Rupandehi,31,47,Plain  Pan Masala-100MT,50
Manufacturing Industry,Grace Farmacuetical Pvt.Ltd., Rupandehi,93.1,104,Tablet/Bati-100 Million,78
Manufacturing Industry,Advance Nutritions Pvt.Ltd, Bara,18,29.7,Feed Premix-2400,25
Manufacturing Industry,K.V.Elex Pvt.Ltd,Janakpur-14,36,49,Pvc Insulated Copper Cables(House Wire And Flexible Cables)-600MT Aaac/Acsr Conductor- 1200MT,80
Manufacturing Industry,Taiyan Yuyan Pvt.Ltd, Kailali,22,25,Placer  Gold-25 KG,65
Manufacturing Industry,Cheng Jiyang Pvt.Ltd, Dang,22,25,Placer Gold-25 KG,70
Manufacturing Industry,Shrepa  Brewery Pvt.Ltd., VDC-7 SolUKhumbu,280,310,Beer -50000 Hecto Litre,100
Manufacturing Industry,Evergreen  Bembo Industries Pvt. Ltd.,Nawalparasi,92,119.1,Bembo Plywood-1400000 Cub.Ft.,127
Manufacturing Industry,Green  Field Ink Pvt. Ltd, Kapilbastu,35,42,Fuel Oil Furnance Oil-351KL,50
Manufacturing Industry,Panchakanya  S.S. Pvt.Ltd,Kathmandu,40,60,Stainless Steel Water Tank- 3600 MT,34
Manufacturing Industry,Sanding Food Products Pvt.Ltd, Bara,35,60,Frozen Buffalo Meat-1602MT. Buffalo Dry Meat-360MT,93
Manufacturing Industry,Sita Products Pvt. Ltd,Kathmandu,46,48,Large Cylender(6.8 M3/Cylender)-302400cm.Small Cylender(1.4m3/Cylender)- 129600cm.Industrial Grade Oxygen- 48000cm,42
Manufacturing Industry,Rang  Ji Gold Mining Company Pvt.Ltd, Baitadi,15,17,Placer Gold-17 KG,50
Manufacturing Industry,Tiyan  Hi Gold Mining Company Pvt.Ltd, Kanchanpur,15,17,Placer Gold-17 KG,47
Manufacturing Industry,Heng  Tang Mining Company Pvt.Ltd,Kaski,15,17,Placer Gold-17 KG,45
Manufacturing Industry,Sky International Phermaceuticals Pvt.Ltd., Bhaktapur,119.9,134.7,Tablet-100 Million/Year,61
Manufacturing Industry,Sita  Products Pvt. Ltd. Branch Industry 1,Kathmandu,40,47,In Jar(20 Litre And More)- 7500 KL,46
Manufacturing Industry,Tri-Shakti Chhinhari Chhanhai Oil Industries Pvt.Ltd.,Lalitpur,32,46,Mustard Oil-750 MT,45
Manufacturing Industry,Mukti Shree Cement Industries Pvt. Ltd., Surkhet,1,850,Opc-336000 MT,332
Manufacturing Industry,Inovative Farma Lab Pvt. Ltd.,Chitwan,97.8,106.8,Tablet Of Penicillin Products- 140000000 Tablets,61
Manufacturing Industry,Shree  Chewing Products Pvt.Ltd., Sunsari,32,49,Plain Pan Masal-100 MT,50
Manufacturing Industry,Suryodaya Polymers Pvt. Ltd.,Lalitpur,31.5,47.5,Plastic Water Tank-2000 MT,50
Manufacturing Industry,Cristal Bottlers Pvt. Ltd., Rupandehi,44,76,Blended Liquor( Various Strength)-4000000 Lp Litre,60
Manufacturing Industry,Sameer  Farma Company Pvt.Ltd., Bara,134.3,166.5,Tablets-100 Million Piece,121
Manufacturing Industry,Biosys  Nepal Pvt. Ltd.,Kathmandu,31,38,Herbal Body Care Formula-50 MT,141
Manufacturing Industry,Biosys Nepal Pvt. Ltd. Branch Industry 1, Nawalparasi,13.8,18,Essential Oil- 50 KL,36
Manufacturing Industry,Biosys  Nepal Pvt. Ltd. Branch Industry 2, Kanchanpur,12,16,Essential Oil- 40 KL,28
Manufacturing Industry,Biosys  Nepal Pvt. Ltd. Branch Industry 3, Dadeldhura,11.5,14.5,Essential Oil- 30 KL,28
Manufacturing Industry,Biosys  Nepal Pvt. Ltd. Branch Industry 4, Banke,10,13.5,Essential Oil- 32 KL,28
Manufacturing Industry,Bishranti Fregrance,Morang,31,45,Plain Pan Masal-200 MT,50
Manufacturing Industry,Raj  Devi Fregrance,Morang,32,46,Plain Pan Masal-200 MT,50
Manufacturing Industry,Star  Fregrance Pvt. Ltd.,Biratnagar-4,31,47,Plain Pan Masal-125 MT,65
Manufacturing Industry,Seer  Fregrance Pvt. Ltd.,Biratnagar-11,36,49,Plain Pan Masal-150 MT,50
Manufacturing Industry,Estern Fragrances,Morang,31,45,Plain Pan Masala 200 MT.,50
Manufacturing Industry,Aarya Periyentals Pvt. Ltd.,Bara ,864.3,906,Small Volume Parenterals (44.35KL) 20 Million,94
Manufacturing Industry,United Fragrances Pvt. Ltd., MORANG,17.5,30,Plain Pan Masala 300 MT,50
Manufacturing Industry,Shiv Shakti Dall Mill Pvt.Ltd.,Parsa,140,240,Pulse 25000 MT.,95
Manufacturing Industry,Taiping Furniture Pvt. Ltd.,Kathmandu,26,35,Bed 300 Nos.,70
Manufacturing Industry,Insulate Wall Panel Manufacture Company Pvt.Ltd.,Kathmandu,8,12.5,Polyurethane Sandwich Panel 320 MT,27
Manufacturing Industry,Raj Pauches Pvt. Ltd., Saptari,10.5,20,Plain Pan Masala 250 MT,46
Manufacturing Industry,Milkmandu Dairy Pvt. Ltd.,Lalitpur,6.5,8,Pasteurized Skimmed Milk 57600 Liter,24
Manufacturing Industry,Evory Nepal Pvt. Ltd., Kapilbastu,8,15,Plain Pan Masala 300 MT,9
Manufacturing Industry,Nepal Coffee Himalaya Pvt.Ltd., Kavre,34,40,Coffee Beans 36 MT,10
Manufacturing Industry,H. Plant Pvt. Ltd., Humla,6,10,Esstntial Oil 20000 Ltr.,21
Manufacturing Industry,H. PLANT PVT. LTD. UNit-1, Mugu,6,8.6,Esstntial Oil 8000 Ltr.,18
Manufacturing Industry,Supreme Pharmaceuticals Pvt. Ltd., Bara,88.4,95.1,Tablets And Bolus 100 Million Pcs.,65
Manufacturing Industry,Japan Nepal Clean Energy Pvt. Ltd.,Kathmandu,9,35,Solar Pv System For Home Appliance 500 Sets,33
Manufacturing Industry,Free  Stuff Nepal Pvt.Ltd,Lalitpur,7.7,10,Shirt-36000pcs,45
Manufacturing Industry,Nepal  Eco Venture Tyre Re- Cycling Pvt.Ltd., Bara,15,20,Crumb Rubber-3000MT,70
Manufacturing Industry,Saewoon Sys Tech Pvt. Ltd., Makawanpur,18,25,Solar Pv System For Water Heating And Boilling-1500 Sets,12
Manufacturing Industry,Grace Farmcuiticals  Pvt.Ltd., Rupandehi,93.1,104,Tablet/Bati-100 Million Pcs.,78
Manufacturing Industry,Bara Distillery Pvt.Ltd., Bara,140,200,Blended/Bottled Liquor- 35,7
Manufacturing Industry,Sichuan Colar Company Pvt.Ltd.,Lalitpur,9,30,Solar Pv System For Home Appliance-500 Sets,33
Manufacturing Industry,Aadee Remedies Pvt. Ltd., Imadol,155.8,164.1,Tablet-100 Millions Pcs.,59
Manufacturing Industry,Narayani Distillery Pvt. Ltd., Rautahat,93,120,Blended & Bottled Liquor- 1803600 Lp Litre,135
Manufacturing Industry,Organic Mountain Flavour Pvt. Ltd., Surkhet,15,20.4,Dehydrated Ginger-70 MT,27
Manufacturing Industry,Himalayan Energy Nepal Pvt.Ltd.,Lalitpur,18,25,Solar System For Heating-1500 Sets,60
Manufacturing Industry,Mandella Silk Design Pvt.Ltd.,Kathmandu,6.5,10,Readymade Garment(Shirt,40
Mineral Based Industry,Armet Minerals And Metals Nepal Pvt. Ltd.,Nayak Wada VDC-6, Jajarkot,46,Iron Ore Concentrate-2000 MT,55
Mineral Based Industry,Seti  Mahakali Minerals Pvt.Ltd,Mining Site Mahadevsthan VDC Baitadi And Factory Site Malakheti VDC-3,27.5,30,Talc  Powder-400MT,83
Mineral Based Industry,Shiwalik Minerals Pvt. Ltd., Kailali,27.5,30,Talc Powder-4000MT,80
Mineral Based Industry,Bhageshwor Minerals Pvt.Ltd., Banke,27.5,30,Talc  Powder-4000MT,85
Mineral Based Industry,Jiyang Ya Pvt. Ltd., Kanchanpur,8.3,10,Placer Gold-15 KG,53
Mineral Based Industry,Nepal South Asian Jinding Mineral Company Pvt. Ltd., Surkhet,7.8,10,Placer Gold-12 KG,110
Mineral Based Industry,Jin Jiyang Pvt. Ltd., Baitadi,17,20,Placer Gold-22 KG,81
Mineral Based Industry,Zhang  Shen Pvt. Ltd., Kailali,8.2,10,Placer Gold-15 KG,60
Mineral Based Industry,Black Head Mines Nepal Pvt.Ltd., Darchula,33.3,37.5,Lead 60000 MT,113
Mineral Based Industry,Torex Mines Nepal Pvt. Ltd., Arghakhachi,35.4,39.6,Iron 60000 MT,113
Service Industry,Software Development House Nepal Pvt. Ltd.,Ka.Ma.Na.Pa-9 Kathmandu,1.5,2,Software Development 30 Packages,17
Service Industry,Rapti Gas Udhyog Pvt. Ltd., Dang,45.6,84.6,LPG Gas Refilling 5000 MT,28
Service Industry,S I F Institute Pvt. Ltd.,Lalitpur-5,6,7.4,Language Training 145 Students,28
Service Industry,Saleha Ali Software Development Company Pvt.Ltd.,Kirtipur-1,7.4,9,Software Development 150 Packages,45
Service Industry,Himalayan Textile Training Center Pvt. Ltd.,Bishnu Budhanilkantha-1 Kathmandu,2,2.5,Vocational Training 300 Persons,18
Service Industry,Mire Software Pvt. Ltd.,Kathmandu,4.9,5.7,Software Development 110 Package,27
Service Industry,Hang Sing Software Pvt. Ltd.,Chhetrapati,4.6,6,Software Development 60 Package,36
Service Industry,Aashahi Language Training Institute Pvt. Ltd.,Kathmandu,9.8,11.4,English Langauge Training 300 Persons,27
Service Industry,Mahamai Language And Computer Training Institute pvt.Ltd.,Kathmandu-14,9.8,12,Computer Training 300 Person,26
Service Industry,Kangaru International Cargo Handling Pvt. Ltd.,Kathmandu-29,10.5,12,International Cargo Handling 4000 MT,40
Service Industry,Melbourn English Language Pvt. Ltd.,Kathmandu-35,4,5,Language Training 150 Persons,19
Service Industry,Shree Himalayan Terminals Pvt. Ltd.,Parsa,18.5,31,Containers 180 Trains,180
Service Industry,Bondi Pvt. Ltd.,Kathmandu-29,1.9,2.5,Software Development 65 Package,10
Service Industry,Arabic Language And Computer Training Center Pvt. Ltd.,Kathmandu-9,2.1,2.5,Computer Training 150 Person,19
Service Industry,Machhapuchhre Institute Pvt.Ltd.,Pokhara-15,4.1,5,Computer Training 50 Person,12
Service Industry,Milan International Bendng Photography Pvt. Ltd.,Kathmandu-1,9,10,Photography 66000 Pieces,30
Service Industry,Saral International Language Training Center Pvt. Ltd.,Lalitpur-3,2,2.5,English,17
Service Industry,Olga Software Pvt. Ltd.,Lalitpur-6,5.1,6,Software Development 90 Package,27
Service Industry,Type Host Web Development Pvt. Ltd.,Kathmandu-6,4.8,6,Software Development 50 Package,34
Service Industry,Tribeni Gas Udhyog Pvt. Ltd., Dhading,75,100,LPG 211268 Cylinder,42
Service Industry,Gurans Energy Limited,Kathmandu-10,520,830,Project Financing 4 Projects,55
Service Industry,Sugam Gas Udhyog Pvt. Ltd. (Branch Industry 1),Sunsari,70,100,LPG Refilling-6000 MT Or LPG Cylinders-422535 Cylinder,52
Service Industry,Thomas Soft Pvt. Ltd.,Kathmandu,4.1,5,Software Development-100 Packages,25
Service Industry,Regus Business Center Management Pvt. Ltd.,Kathmandu-10,46.5,50,Convention -2640 Nos,30
Service Industry,Green  Line Software Pvt.Ltd.,Kathmandu-15,3.2,4,Software Development-45 Packages,29
Service Industry,Habibi  Computer Training Pvt. Ltd.,Kathmandu-16,2,2.5,Computer Training-600 Persons,23
Service Industry,Senergy Printing And Packaging,Lalitpur,37,46,Printing Job-600 MT,36
Service Industry,Neko Language Center Pvt.Ltd.,Kathmandu-34,1.6,2,Language Training-150 Students,17
Service Industry,Hey Shia Software Pvt. Ltd.,Kathmandu-11,20,25,Software Development-400 Packages,170
Service Industry,Himalayan River Construction Pvt. Ltd.,Kathmandu-1,40,48,Construction Services- Rs90000000,71
Service Industry,Joi Software Development Pvt. Ltd.,Kathmandu-4,4,5,Software Development 80 Packages,40
Service Industry,Korean Alternative Hospital Pvt. Ltd.,Lalitpur-4,1.7,2.5,Room Charge (365 Days A Year) 2190 Persons,18
Service Industry,Hilltake Advertising Material Production Pvt. Ltd.,Kathmandu-4,27.5,30,Printed Materials 300 Nos,35
Service Industry,Social Software Pvt. Ltd.,Kathmandu-2,12,15,Software Development 120 Packages,60
Service Industry,Modern Infrastructure Pvt.Ltd., Makawanpur,180,250,Various Kinds Of Construction Works 620000000 Rs,155
Service Industry,Captain  Outdoors Pvt.Ltd.,Kathmandu,14,20,Advertisement Boards/Bill Board Production-100 Pcs. Advertisement Material Printing-20000000 Impressions,50
Service Industry,Himchuli International Cargo Pvt.Ltd.,Kathmandu,22,25,International  Cargo Handling- 7000MT,60
Service Industry,Quality  Roto Packaging Pvt.Ltd., Rupandehi,80,140,Printing  And Leminatedproducts-1800 MT,70
Service Industry,Shangai Greenroad International Logistics Nepal Pvt.Ltd.,Kathmandu-4,8.5,10,International  Cargo Handling- 3500MT,40
Service Industry,Star  Global Software Pvt.Ltd.,Kathmandu-10,4,5,Software Development-50 Packages,33
Service Industry,Ceragem Nepal Pvt. Ltd.,Kathmandu-4,8.5,10,Vocational Training-500 Persons,30
Service Industry,Sunshine Advertising Pvt.Ltd.,Kathmandu-14,23,25,Printed Advertisement Materials-240 Nos,35
Service Industry,Aajmi  International Pvt. Ltd.,Kathmandu-16,2,2.5,Computer  Training-600 Persons,22
Service Industry,Kathmandu Story Tailors Pvt.Ltd.,Lalitpur,3.7,4.4,Book Publication- Rs 8000000,27
Service Industry,M.D.M. Architect Pvt.Ltd.,Kathmandu-3,26.5,30,Construction Service Equivalent To Rs.70000000,16
Service Industry,Trinity Software Pvt.Ltd.,Lalitpur -15,22,25,Software Development-200 Packages,65
Service Industry,J. S. L. Nepal Pvt. Ltd.,Kathmandu-10,8.8,10,Japanese Language Training- 200 Students,30
Service Industry,Nit Holdings Financial Nepal Pvt. Ltd.,Lalitpur-10,45,1,Investment Capacity- Rs.1900000000( Or Financial And Share Investment In 10-10 Projects),44
Service Industry,Wikon  Media Production Pvt. Ltd.,Kathmandu-35,4.1,5,Printed Advertisement Materials-200 Nos. Adio Video Advertisement Materials-30,22
Service Industry,Sun  Aviation Nepal Pvt. Ltd.,Kathmandu-1,8.6,10,International Cargo Hangling- 3500 MT,40
Service Industry,I.K. Tek Pvt.Ltd,Kathmandu,8.5,10,Software Development-60 Pachages,40
Service Industry,Ameen  Language And Computer Centre Pvt. Ltd,Kathmandu-13,4.2,5,Language Training(Arabic english compute),16
Service Industry,Gao K.G. Software Pvt. Ltd.,Lalitpur-2,20,25,Software  Development-400 Packages,170
Service Industry,S.P.I. Nepal Pvt. Ltd.,Lalitpur-5,15.2,19,Computer Software-400 Package,80
Service Industry,Altai- Himalaya Workshop Pvt.Ltd.,Kathmandu-15,8.5,10,Skill  Development On Fabric Making-200 Persons,25
Service Industry,Green  Gas Udhyog Pvt.Ltd, Dhading,133,160,LPG  Refilling- 6000MT(422535 Cylinders),42
Service Industry,Chitwan  Medical College Pvt.Ltd,Chitwan,950,1,Beds(700beds Hospital)- 255500bed-Days Annual Intake Of Mbbs Students-140 Students,645
Service Industry,Himalayan Strategic Training Pvt.Ltd,Lalitpur,9,10,Management And Career Skill Training-600 Persons,30
Service Industry,Darcel  Lodgistic Nepal Pvt.Ltd,Kathmandu-22,9,10,International Cargo Handing- 5000MT,37
Service Industry,NicKLas  International Cargo Pvt.Ltd.,Kathmandu-16,4.4,5,International Cargo Handing- 2000MT,25
Service Industry,Morning  Star Recording Studio Pvt.Ltd,Kathmandu-14,4.3,5,Audio Recording-600nos,20
Service Industry,Nepal  Issuisha Pvt.Ltd., Nawalparasi,22,25,Construction Services For Infrastructure Development(Hydropower Road,60
Service Industry,A. M.  Nepal Pvt. Ltd.,Kathmandu-32,4,5,Software Development-90 Packages,40
Service Industry,Unique Engineers Construction Pvt. Ltd.,Kathmandu-16,26.5,30,Construction Service-Rs 70000000,60
Service Industry,Top Out Nepal Pvt. Ltd.,Chouri Khark VDC-5 SolUKhumbu,8.5,20,Oxygen Gas Refilling-16000 Cylinders(51.2 MT),40
Service Industry,Lord  Buddha Education Academy Limited, Banke,1,430,Annual Intake Of Students For Mbbs-150 Students,1100
Service Industry,Kathmandu International Medical Centre Pvt. Ltd.,Kathmandu-29,9.3,10,X- Ray Service-6000 Nos,21
Service Industry,Tashas Cargo Pvt. Ltd.,Pokhara-6,8.5,10,International Cargo Handling- 3400 MT,40
Service Industry,P. R. Software Pvt. Ltd.,Kathmandu-29,8.5,10,Software Development-150 Packages,27
Service Industry,Silver Heritageinvestment Pvt. Ltd.,Kathamandu-16,47,10, Share Investment-8 Projects,50
Service Industry,Printing Impressions Pvt. Ltd.,Kathmandu-13,42,49,Printing-10000000 Copy,50
Service Industry,Zamil  Infra Pvt. Ltd.,Lalitpur-10,100,800,Construction Works Of Verious Types Equivalent To Rs 1000000000,375
Service Industry,Korea Language School Hetauda Pvt. Ltd.,Hetauda-5,8.5,10,Software Development-50 Packages,40
Service Industry,Star  Light Computer And Language Training Centra Pvt. Ltd.,Lalitpur-2,27,30,Computer Training-500 Persons,40
Service Industry,Highest Link Pvt. Ltd.,Lalitpur-4,8.5,10,Printed Advertising Materials- 200 Nos.,16
Service Industry,Mero  Sathi Book Publication Pvt. Ltd.,Lalitpur-4,4,5,Book Publication-1000 Nos,25
Service Industry,One  World Aviation Pvt.Ltd.,Kathmandu-2,8.6,10,International Cargo Handling- 3500 MT,40
Service Industry,Simrik Language Centre Pvt.Ltd.,Kathmandu,27,30,Enligh Language Training-600 Persons,40
Service Industry,Era  Skill Training Pvt. Ltd.,Lalitpur-10,14.6,20,Mechanics Category-135 Persons,25
Service Industry,B.B.C. Media Action Nepal Pvt. Ltd.,Lalitpur 3,8,9,Human Resources Training For Television And Radio Programs 360 Nos.,22
Service Industry,Intrepid Cancer Diagnostic Pvt. Ltd.,Kathmandu-11,14.8,16.3,Cancer Sample Testing 1450 Samples,21
Service Industry,Rios Language Center Pvt.Ltd.,Kathmandu,13,15,English Language Training 900 Packages,30
Service Industry,Quest Software Development Pvt. Ltd.,Lalitpur ,26,30,Software Development 300 Packages,70
Service Industry,Bir Language Center Pvt. Ltd.,Kathmandu-30,18.5,20,English Language 200 Persons,20
Service Industry,German & Korean Language Pvt. Ltd.,Pokhara-6,18.2,20,Language (English german),17
Service Industry,Adhikari Talkifield Kim Pvt.Ltd,Lalitpur,13.5,15,Language Training-240 Persons,27
Service Industry,American Training Institute Pvt.Ltd.,Lalitpur-4,4.3,5,Management And Career Skill Training-600 Persons,20
Service Industry,Ace  Institute Of Management Ltd.,Kathmandu-9,240,250,Bba(Banking And Insurance)- 384 Students,85
Service Industry,Itonics Nepal Pvt.Ltd,Kathmandu-32,7.4,10,Solftware Development-100 Packages Webpage Design-100 Nos.,37
Service Industry,Orient Digital Midea Pvt. Ltd.,Kathmandu-34,37.4,47.4,Television Transmission Service(Iptv) Operation-3200 Users,17
Service Industry,J-Season Cargo Pvt.Ltd.,Thamel-29,8.6,10.1,Cargo-3400 MT,40
Service Industry,B-Kul Language Training Center Pvt. Ltd.,Thamel-29,9,10,Enlish Language Training-400 Persons,24
Service Industry,Global Neighbors Language Training Center Pvt. Ltd.,Kathmandu,13,15,English Language Training- 500 Persons,31
Tourism Industry,Swambling Hotel Pvt. Ltd.,Boudha,18,20,Hotel 46 Bed Restaurent 50 Seats,40
Tourism Industry,Happy World Pvt. Ltd.,Thamel,46,49.5,Visitors 115000 Persons Restaurant 49500 Seats,56
Tourism Industry,Mando Bijaro Pvt. Ltd.,Kathmandu-23,8,10,Hotel 36 Beds Restaurant 60 Seats,36
Tourism Industry,Mountain Equip Hotel Nepal Pvt. Ltd.,Kathmandu-16,41.7,48.1,Hotel 8 Double Bed Room,18
Tourism Industry,Kasara Jungle Resort Pvt.Ltd.,Chitwan,95,100,Hotel 48 Bed Restaurant 100 Seats,45
Tourism Industry,Ocean Park And Resort Pvt.Ltd., Sunsari,145,150,Hotel 36 Double Bed Room,78
Tourism Industry,Hotel Devori And Restaurent Pvt. Ltd., Kailali,94,100,Hotel 48 Bed Restaurant 130 Seats,85
Tourism Industry,The Centurian Hotel Pvt. Ltd.,Morang,45.5,50,Hotel 40 Bed Restaurant 80 Seats,60
Tourism Industry,Shriji Hotels Pvt. Ltd.,Kathmandu -9,153.5,163.2,Hotel 46 Bed Restaurant 100 Seats,90
Tourism Industry,Gongjau Hotel With Restaurent Pvt. Ltd.,Kathmandu,12.5,15,Hotel 30 Bed Restaurant 50 Seats,40
Tourism Industry,Spanish Topaz Launge Pvt.Ltd.,Kathmandu-2,3.8,4.5,Restaurant 40 Seats,14
Tourism Industry,Namaste Nepalese Air Pvt.Ltd.,Lalitpur- 14,150,300,Passenger 442368 Passenger,90
Tourism Industry,Hotel Himalayan View Sarangkot Pvt. Ltd.,Kaski,290,300,Hotel 90 Bed Restaurant 160 Seat,73
Tourism Industry,Platinum Resort Pvt Ltd., Kavre,82.5,85,Hotel 22 Rooms With Double Beds,50
Tourism Industry,U.N.B. Restaurent Pvt. Ltd.,Lalitpur-5,5,6,Restaurant 40 Seats,14
Tourism Industry,Sauraha Bamboo Cottage Pvt.Ltd.,Chitwan,1.8,2.5,Hotel 18 Beds Restaurant 25 Sats,26
Tourism Industry,Hotel Seven Star Pvt. Ltd.,Chitwan,158.2,166.2,Hotel 48 Bed Restaurant 150 Seats,75
Tourism Industry,Himalayan Meditetion Retreat Hotel And Restaurent Pvt. Ltd.,Kaski,1.9,2.4,Hotel 18 Beds Restaurant 30 Seats,20
Tourism Industry,Nirsh Toste Bakery Restaurent Pvt. Ltd.,Kathmandu,6.3,8,Restaurant 120 Seats,24
Tourism Industry,Mitrata Hotel With Restaurant Pvt. Ltd.,Kaski,12.5,15,Hotel- 40 Beds,40
Tourism Industry,Eyetex Nepal Pvt. Ltd.,Kathmandu-6,4,5,Hotel-20 Beds,40
Tourism Industry,Centre Resort Pvt. Ltd.,Nayapati VDC-7 Kathmandu,8,10,Hotel-20 Beds,40
Tourism Industry,Hyocho Himalayan Lodge Pvt. Ltd.,Pokhara-6,2,2.5,Hotel-20 Beds,27
Tourism Industry,Cafe Jireha Pvt. Ltd.,Lalitpur,4.4,5.6,Restaurant-80 Seats,40
Tourism Industry,Star Fish Hotel With Restauratn Pvt. Ltd.,Kathmandu-29,11.5,15,Hotel-42 Beds,45
Tourism Industry,I.S.M.I. Housing Pvt. Ltd.(Branch Industry-1_,Baluwatar,136,140,Hotel-48 Beds,44
Tourism Industry,Hotel Zhao Pvt. Ltd.,Kathmandu-15,3.9,5,Hotel-20 Beds,34
Tourism Industry,Himal Water Park And Village Hotel Pvt. Ltd.,Birgunj-17,93,100,Hotel-44 Bed,49
Tourism Industry,Jaint Panda International Restaurant Pvt. Ltd.,Kathmandu-29,4.5,6,Restaurant-60 Seats,26
Tourism Industry,Dubai Darbar Restaurant Pvt. Ltd.,Kathmandu-4,3.8,4.8,Restaurant-80 Seats,23
Tourism Industry,Swadilo Restaurant Pvt. Ltd.,Lalitpur-4,9,12.5,Restaurant-150 Seats,46
Tourism Industry,Greatwall Hotel With Restaurant Pvt.Ltd.,Lalitpur-6,9.5,12,Hotel-20 Beds,40
Tourism Industry,Ama Chinese Restaurant Pvt. Ltd.,Kathmandu-6,8,10,Restaurant-100 Seat,40
Tourism Industry,Hotel Taishan Pvt. Ltd.,Kathmandu-29,4.2,26,Hotel 40 Beds Restaurant 150 Seats,40
Tourism Industry,Hotel Swiss Family Home Pvt. Ltd.,Kathmandu,23,5,Hotel 40 Beds Restaurant 70 Seats,34
Tourism Industry,Aahude Pvt. Ltd.,Kathmandu-6,725,1.9,Hotel 20 Beds Restaurant 60 Seats,22
Tourism Industry,Rising Star Hotel Pvt. Ltd.,Lalitpur-8,23,25,Hotel 40 Beds,45
Tourism Industry,Westar Hospitality Developers Pvt. Ltd.,Kathmandu-10,1.9,750,Hotel 244 beds Restaurant 150 Seats,200
Tourism Industry,Mitrata Floriculture Industries Pvt. Ltd.,Kathmandu,220,25,Flowers-30  MT,37
Tourism Industry,Song  Restaurant Pvt. Ltd.,Kathmandu-29,3.7,2.5,Restaurent -40 Seats,20
Tourism Industry,C.G.  Saphari And Tours Pvt. Ltd.,Chitwan,8.8,226,Hotel-48 Beds,58
Tourism Industry,Choice  Caf Pvt.,Kathmandu-16,46,5,Restaurant -60 Seats,26
Tourism Industry,Pure  Land Resort Pvt. Ltd.,Talku Dudechour VDC-8,780,10,Hotel-20 Beds,45
Tourism Industry,Devalaya  Pvt. Ltd.,Kathmandu-29,3.6,50,Hotel-40 Beds,60
Tourism Industry,Ichchhakaman  Cablecar Pvt.Ltd.,Chitwan,240,800,Cable Car Operation-930000 Person,90
Tourism Industry,Newa  Kitchen Pvt. Ltd.,Shesh Narayan VDC-3 Kathmandu,45,5,Restaurant-70 Seat,26
Tourism Industry,Ulence  Resort Hotel Pvt. Ltd., Kavre,1.8,271.2,Hotel-200 Beds,154
Tourism Industry,Hotel China Garden Pvt. Ltd.,Kathmandu-1,18,50,Hotel- 46 Beds,42
Tourism Industry,Shree  Harvest Foods Pvt.Ltd.,Pokhara-6,11.5,2.5,Restaurant -40 Seat,19
Tourism Industry,Heaven Caf And Guest House Pvt.,Kathmandu,85,20,Hotel-28  Beds,28
Tourism Industry,Marcia Hotel And Restaurant Pvt. Ltd.,Lalitpur -2,12.5,15,Hotel-40 Beds,45
Tourism Industry,Atithi Resort And Spa Pvt.Ltd.,Pokhara-6,91,90,Hotel-49 Beds,47
Tourism Industry,Sanga Launge And Cafe Pvt.Ltd.,Kathmandu-16,14,15,Restaurant-150 Seats,40
Tourism Industry,Commonwealth Development(Nepal) Pvt.Ltd.,Kathmandu-1,8,100,Hotel-48 Bed,60
Tourism Industry,Lusian Guest House Pvt.Ltd,Kathmandu-30,30,17,Hotel-45 Beds(Single Room-15,50
Tourism Industry,Litile China Ding Wai Sang Restaurent And Bar Pvt.Ltd,Kathmandu-1,526.8,10,Restaurant-100 Seats,40
Tourism Industry,Banabas Eco Resort Pvt.Ltd,Chitwan,48,33,Hotel-48bed,19
Tourism Industry,International  Hotels Pvt.Ltd.,Kathmandu-32,45,540,Hotel-112rooms,157
Tourism Industry,South  City Housing Pvt.Ltd,Lalitpur-2,3.8,50,Hotel-48bed,22
Tourism Industry,Nepal Mountain Lodge Pvt.Ltd,Pokhara-3,160,50,Hotel-30bed,45
Tourism Industry,Fujian Chinese Restaurant Pvt.Ltd,Kathmandu-17,139.2,5,Restaurant-60seats,28
Tourism Industry,Paviliance Himalaya Pvt. Ltd.,Kaski,91,170,Hotel-48 Beds,50
Tourism Industry,Samsing Holding Pvt. Ltd.,Kathmandu-30,17.4,143.2,Hotel-48 Beds,56
Tourism Industry,Bharatpur Garden Resort Pvt.Ltd.,Bharatpur -10,9,100,Hotel-80 Beds,70
Tourism Industry,Grace Guest House Pvt. Ltd.,Lalitpur-14,3.5,20,Hotel- 40 Beds,41
Tourism Industry,Town Planning Guest House Pvt. Ltd.,Kathmandu-35,45,10,Hotel- 40 Beds,34
Tourism Industry,Island Restaurant And Bar Pvt. Ltd.,Pokhara-6,4.5,5,Restaurant-60 Seat,25
Tourism Industry,M. L. Hospitality Pvt. Ltd.,Kathamandu-1,8.3,50,Restaurant-150 Seats,50
Tourism Industry,A La  Soup Restaurant Pvt.Ltd.,Pokhara-6,90,6,Restaurant-70 Seats,25
Tourism Industry,O.R.2.K. Cafe & Bar Pvt. Ltd.,Kathmandu-29,9,10,Various Kinds Of Foods-16000 Persons,12
Tourism Industry,Zhan Yun International Food Court Pvt. Ltd.,Kathmandu-11,27.8,100,Restaurant-300 Seats,90
Tourism Industry,Sattara Spring Pvt. Ltd.,Kaski,45,10,Hotel-10 Rooms,73
Tourism Industry,Kudos Hotel Pvt. Ltd.,Bouddha,8.7,30,Hotel-40 Beds,45
Tourism Industry,Nepal Moutain Lodge Pvt. Ltd. Branch Industry-1,Kaski,8.2,50,Hotel-30 Beds,55
Tourism Industry,Hutor Pvt. Ltd.,Kaski,8,10,Hotel-20 Beds,45
Tourism Industry,Taal Lounge Cafe And Restaurant Pvt. Ltd.,Pokhara-16,7.9,10,Restaurant 90 Seats,33
Tourism Industry,Pokhara Bambo Garden Restaurant Pvt. Ltd.,Pokhara-6,7.5,10,Restaurant 100 Seats,40
Tourism Industry,Squirrel In The Mountain Village Restaurant And Bar Pvt. Ltd.,Pokhara-6,44,10,Restaurant 110 Seats,40
Tourism Industry,Korish Nepal Restaurant Pvt.Ltd.,Kathmandu-6,30,10,Restaurant 110 Seats,40
Tourism Industry,Roseville Farm & Resort Pvt.Ltd., Kavre,7.5,50,Hotel 48 Beds,45
Tourism Industry,Mingfa Hotel & Restaurent Pvt. Ltd.,Lalitpur,8.5,35,Hotel 40 Beds,50
Tourism Industry,Butterfly Cafe Pvt. Ltd.,Lalitpur-3,12,10,Restaurant 110 Seats,40
Tourism Industry,Hotel Shyarpu Pvt. Ltd.,Kathmandu-16,17,10,Hotel 32 Beds,40
Tourism Industry,Common Grounds Kathmandu Pvt. Ltd.,Kathmandu,11.5,15,Restaurant 150 Seats,40
Tourism Industry,Exotic House Pvt. Ltd.,Kathmandu-17,6.3,20,Hotel 32 Beds,50
Tourism Industry,Paolo Hotel Pvt. Ltd.,Kathmandu,5,15,Hotel 40 Beds,45
Tourism Industry,Yeti Pizza Pvt.Ltd.,Gongabu-7,32,7.5,Restaurant 80 Seats,31
Tourism Industry,Anjali's Dolphins Resort Pvt.Ltd., Bardiya,28,6.2,Hotel 20 Beds,32
Tourism Industry,Chhinnamasta Hotel With Restaurant Pvt. Ltd.,Chitwan,585,35,Hotel 40 Beds Restaurant 60 Seats,60
Tourism Industry,City Side Hotel Pvt. Ltd.,Kaski,16.5,30,Hotel 40 Beds,45
Tourism Industry,Annapurna Cable Car Pvt.Ltd.,Kaski,86,600,Cablecar 450000 Persons,55
Tourism Industry,China Town Restaurant Pvt.Ltd.,Kathmandu-30,4.2,20,Restaurant 200 Seats,46
Tourism Industry,Drala Resort Nepal Pvt.Ltd.,DAKSHINKALI VDC-9 KATHMANDU,90,90,Hotel-48 Beds,56
Tourism Industry,Hallasan Restaurant Pvt. Ltd.,Kathmandu-17,95,5,Restaurant -60 Seats,24
Tourism Industry,Da. Yatra Courtyard Pvt. Ltd., Pokhara,3.9,95,Hotel-48 Beds,55
Tourism Industry,Lumbini Cloud Buddhist Cultural Facility Construction And Operation Company.Pvt.Ltd,Rupandehi,3.9,100,Hotel-44 Beds,45
Tourism Industry,Bullet Base Camp Pvt.Ltd.,Pokhara-6,13,5,Restaurant -52 Seats,30
Tourism Industry,French Corner Pvt.Ltd.,Thamel-29,19,5,Restaurant-52 Seats,30
Tourism Industry,China CG Hotel Pvt. Ltd,Kathmandu,32,15, Restaurant-70 Seats,40
Tourism Industry,Bishuddhi Pvt.Ltd.,Kaski,30,19.8, Restaurant-40 Seats,14
Tourism Industry,Roseline Hotel With Restaurant Pvt. Ltd.,Kathmandu-6,,35, Restaurant-60 Seats,60
Tourism Industry,Monique Hotel And Restaurant Pvt.Ltd,Thamel,,35, Restaurant,50
